today,name,email,variable,value
2023-02-18,test,test@test.test,init_name,sdsa
2023-02-18,wer,wer,init_name,sf
2023-02-18,test,test@test.test,country,Other (specify)
2023-02-18,wer,wer,country,Cambodia
2023-02-18,test,test@test.test,country_other,asd
2023-02-18,wer,wer,country_other,
2023-02-18,test,test@test.test,team,Climate Data team
2023-02-18,wer,wer,team,C4D and Social Behaviour Change
2023-02-18,test,test@test.test,start_date,2023-02-18
2023-02-18,wer,wer,start_date,2023-02-18
2023-02-18,test,test@test.test,end_date,2023-02-28
2023-02-18,wer,wer,end_date,2023-02-19
2023-02-18,test,test@test.test,fp_name,sad
2023-02-18,wer,wer,fp_name,sdf
2023-02-18,test,test@test.test,fp_email,asd
2023-02-18,wer,wer,fp_email,sdf
2023-02-18,test,test@test.test,init_members,asda
2023-02-18,wer,wer,init_members,sdf
2023-02-18,test,test@test.test,problem,asdasd
2023-02-18,wer,wer,problem,dsf
2023-02-18,test,test@test.test,overview,asdasd
2023-02-18,wer,wer,overview,sdf
2023-02-18,test,test@test.test,technology,sadasd
2023-02-18,wer,wer,technology,dsf
2023-02-18,test,test@test.test,data,asdasd
2023-02-18,wer,wer,data,dsf
2023-02-18,test,test@test.test,protection,sadasd
2023-02-18,wer,wer,protection,sdf
2023-02-18,test,test@test.test,programme,asdas
2023-02-18,wer,wer,programme,dsf
2023-02-18,test,test@test.test,target,asdasd
2023-02-18,wer,wer,target,sdf
2023-02-18,test,test@test.test,estimated,5000
2023-02-18,wer,wer,estimated,sdf
2023-02-18,test,test@test.test,sustainability,wqr
2023-02-18,wer,wer,sustainability,dsf
2023-02-18,test,test@test.test,partnerships,wer
2023-02-18,wer,wer,partnerships,sdf
2023-02-18,test,test@test.test,stakeholders,wer
2023-02-18,wer,wer,stakeholders,sdf
2023-02-18,test,test@test.test,sector,Climate Change & Environment Communications
2023-02-18,wer,wer,sector,Adolescents
2023-02-18,test,test@test.test,goal,22. Learn
2023-02-18,wer,wer,goal,23. Protection from Violence and Exploitation
2023-02-18,test,test@test.test,result,22-02 Learning outcomes 22-03 Skills development
2023-02-18,wer,wer,result,23-02 Harmful practices (FGM/C and child marriage)
2023-02-18,test,test@test.test,priority,EAPR 1.5 - Quality learning in and out of school EAPR 2.8 - Safe drinking water and basic sanitation
2023-02-18,wer,wer,priority,EAPR 1.3 - Positive parenting and care practices EAPR 2.10 - Children and adolescent participation in climate action
2023-02-18,test,test@test.test,instanceID,uuid:404bfec4-1f2d-4ef6-a5a5-ce7d35c4605b
2023-02-18,wer,wer,instanceID,uuid:8f271037-b9f5-49d3-b044-d1819dc7a282
2023-02-18,test,test@test.test,_id,487057
2023-02-18,wer,wer,_id,487064
2023-02-18,test,test@test.test,_uuid,404bfec4-1f2d-4ef6-a5a5-ce7d35c4605b
2023-02-18,wer,wer,_uuid,8f271037-b9f5-49d3-b044-d1819dc7a282
2023-02-18,test,test@test.test,_submission_time,2023-02-17T20:46:55
2023-02-18,wer,wer,_submission_time,2023-02-17T20:51:30
2023-02-18,test,test@test.test,_date_modified,2023-02-17T20:46:55
2023-02-18,wer,wer,_date_modified,2023-02-17T20:51:30
2023-02-18,test,test@test.test,_tags,
2023-02-18,wer,wer,_tags,
2023-02-18,test,test@test.test,_notes,
2023-02-18,wer,wer,_notes,
2023-02-18,test,test@test.test,_version,202302172042
2023-02-18,wer,wer,_version,202302172042
2023-02-18,test,test@test.test,_duration,279.0
2023-02-18,wer,wer,_duration,51.0
2023-02-18,test,test@test.test,_submitted_by,jibarguen
2023-02-18,wer,wer,_submitted_by,jibarguen
2023-02-18,test,test@test.test,_total_media,0
2023-02-18,wer,wer,_total_media,0
2023-02-18,test,test@test.test,_media_count,0
2023-02-18,wer,wer,_media_count,0
2023-02-18,test,test@test.test,_media_all_received,True
2023-02-18,wer,wer,_media_all_received,True
2023-02-18,test,test@test.test,_xform_id,1397
2023-02-18,wer,wer,_xform_id,1397
